{
  "Jan": 895626.5413684146,
  "Feb": 1239168.1406437224,
  "Mar": 2067359.5541933246,
  "Apr": 2709202.9633730534,
  "May": 2716425.7283193506,
  "Jun": 3147277.783568948,
  "Jul": 3491810.0700971,
  "Aug": 3140863.5720518716,
  "Sep": 2137755.8485240196,
  "Oct": 1716817.656708868,
  "Nov": 977429.5204935918,
  "Dec": 737764.2620459644
}